Luis Martínez,80667096D,1975
Claudia Vargas,52178559M,1976
Carlos García,50278102S,1991
Elena García,44154573V,1964
Jorge López,82424043G,1951
José Rodríguez,69485367M,1953
José García,20116562Q,1959
Ana Ramírez,33689853J,1999
Jorge Gómez,55185092A,1951
Ana Sánchez,32018063A,1967
Jorge García,50122646B,1973
Claudia Ramírez,06288746P,1976
Lucía Pérez,29232851K,1989
Carlos Hernández,38926336Q,1954
Elena López,07283641M,1958
Carlos García,43906752R,1991
José García,54349480B,1974
Jorge Martínez,89011197A,2003
Raúl Martínez,79242739W,1991
Jorge Gómez,58945876E,1958
Lucía Rodríguez,76570237F,1994
Elena Sánchez,90995251B,1950
Carlos Martínez,40843565L,1998
Claudia Sánchez,83703769L,1975
Lucía Vargas,40345614V,1950
Carlos Martínez,92186589A,2004
José López,84991910R,1973
Claudia López,76833801F,1981
Ana Hernández,31250284H,2001
María Martínez,86694689S,1958
Luis Sánchez,58369758K,1972
Claudia Sánchez,69684937Q,1964
Raúl Sánchez,65940024Y,1965
María Sánchez,99462179C,1978
Claudia Hernández,93427330Q,1968
Raúl López,17233379J,1992
Jorge Pérez,16508753W,1973
Ana Hernández,84301563D,2000
José Gómez,92192908T,1965
Claudia Martínez,34274197N,1971
Carlos Vargas,26903654P,1964
Elena Sánchez,60631857X,1953
Luis Vargas,43030206L,2000
Claudia García,46313824E,1976
Claudia Hernández,18260187W,1983
Ana García,07900897P,1970
Jorge Martínez,23659000K,1962
Luis Vargas,64938625X,1964
Luis Gómez,24438875D,1955
Lucía López,56426233E,1972
Luis Vargas,88770359Z,1995
Carlos Vargas,29913639P,1954
Ana Gómez,92215276C,2002
Elena Rodríguez,90392332F,1988
Carlos Vargas,77684397F,1997
Lucía Martínez,22248394T,1950
Luis Gómez,28416262T,1995
Lucía García,17396389P,1986
Ana García,36578002T,1954
Raúl Rodríguez,87224531P,1970
Ana Rodríguez,84828982P,1980
Elena Pérez,65035595Z,1963
Raúl Hernández,84115393K,1969
Carlos Sánchez,11580159F,1988
Carlos Hernández,84056649N,1953
María Ramírez,15068301B,1990
Jorge Gómez,84125786G,1951
Ana López,35028009T,1950
Lucía Hernández,41737161T,1997
María Ramírez,38541261Y,1980
María Pérez,06112141B,1955
Carlos López,05195157L,1978
Raúl Vargas,09220467Z,1963
Carlos Hernández,25556142T,1965
Elena López,23276675E,1961
Raúl Rodríguez,94809758L,1985
Luis Pérez,99298995P,1976
Jorge Vargas,48735497F,2000
Raúl Pérez,80105821J,1983
Lucía Sánchez,11043399B,1996
Carlos Martínez,47039654D,2002
Lucía Vargas,01050308K,1958
Carlos Ramírez,68866983V,2003
Raúl Rodríguez,45334720T,1968
Lucía Ramírez,65337606P,2003
María Vargas,28544787M,1960
Luis Sánchez,74715964W,1979
Jorge Pérez,08190683X,2000
Claudia López,81451861H,1972
Carlos Hernández,14559351K,2004
Carlos Sánchez,28647941P,2003
Lucía Gómez,99459888Y,1955
Luis Hernández,97730624T,1961
Ana Pérez,30804032R,1972
Ana Gómez,68717232X,1962
Ana García,52765948R,2002
José Rodríguez,75987472R,1980
Luis Ramírez,50459382H,1954
Raúl Sánchez,09194636S,1970
Carlos Rodríguez,40633675V,1986
Name,Dni,Year